ID	phases	idx	Hdel	Hid	Hstart	Hend	Pdel	Pid	Pstart	Pend
SL2.50ch01_42411_42793	+-	1	287	SL2.50ch01	42520	42521	0	Spenn-ch01	56824	56536
SL2.50ch01_42411_42793	+-	2	225	SL2.50ch01	42524	42525	0	Spenn-ch01	56533	56307
SL2.50ch01_48717_49161	+-	1	14	SL2.50ch01	48935	48936	0	Spenn-ch01	48654	48639
SL2.50ch01_48717_49161	+-	2	46	SL2.50ch01	48956	48957	0	Spenn-ch01	48619	48572
SL2.50ch01_67014_67919	+-	1	39	SL2.50ch01	67383	67384	0	Spenn-ch01	29347	29307
SL2.50ch01_67014_67919	+-	2	22	SL2.50ch01	67482	67483	0	Spenn-ch01	29209	29186
SL2.50ch01_95997_97075	++	1	154	SL2.50ch01	96058	96059	0	Spenn-ch01	142600	142755
SL2.50ch01_95997_97075	++	2	4	SL2.50ch01	96192	96193	0	Spenn-ch01	142888	142893
SL2.50ch01_95997_97075	++	3	1	SL2.50ch01	96482	96483	0	Spenn-ch01	143182	143184
SL2.50ch01_95997_97075	++	4	1	SL2.50ch01	96621	96622	0	Spenn-ch01	143322	143324
SL2.50ch01_95997_97075	++	5	0	SL2.50ch01	96819	96822	2	Spenn-ch01	143521	143522
SL2.50ch01_95997_97075	++	6	0	SL2.50ch01	96885	96887	1	Spenn-ch01	143585	143586
SL2.50ch01_148562_149110	++	1	1	SL2.50ch01	148890	148891	0	Spenn-ch01	201586	201588
SL2.50ch01_148562_149110	++	2	1	SL2.50ch01	148995	148996	0	Spenn-ch01	201692	201694
SL2.50ch01_148562_149110	++	3	762	SL2.50ch01	149006	149007	0	Spenn-ch01	201704	202467
SL2.50ch01_154626_155949	++	1	1	SL2.50ch01	155456	155457	0	Spenn-ch01	208483	208485
SL2.50ch01_154626_155949	++	2	0	SL2.50ch01	155479	155504	24	Spenn-ch01	208507	208508
SL2.50ch01_154626_155949	++	3	0	SL2.50ch01	155569	155656	86	Spenn-ch01	208573	208574
SL2.50ch01_154626_155949	++	4	0	SL2.50ch01	155725	155727	1	Spenn-ch01	208643	208644
SL2.50ch01_193995_194442	++	1	0	SL2.50ch01	194319	194326	6	Spenn-ch01	247551	247552
SL2.50ch01_193995_194442	++	2	0	SL2.50ch01	194330	194368	37	Spenn-ch01	247556	247557
SL2.50ch01_201719_202547	++	1	0	SL2.50ch01	201779	201781	1	Spenn-ch01	255062	255063
SL2.50ch01_201719_202547	++	2	1	SL2.50ch01	202096	202097	0	Spenn-ch01	255378	255380
SL2.50ch01_201719_202547	++	3	0	SL2.50ch01	202191	202193	1	Spenn-ch01	255474	255475
SL2.50ch01_201719_202547	++	4	6	SL2.50ch01	202366	202367	0	Spenn-ch01	255648	255655
SL2.50ch01_201719_202547	++	5	0	SL2.50ch01	202391	202437	45	Spenn-ch01	255679	255680
SL2.50ch01_201719_202547	++	6	0	SL2.50ch01	202474	202480	5	Spenn-ch01	255717	255718
SL2.50ch01_301453_302293	++	1	0	SL2.50ch01	301782	301820	37	Spenn-ch01	407899	407900
SL2.50ch01_301453_302293	++	2	0	SL2.50ch01	302173	302181	7	Spenn-ch01	408253	408254
SL2.50ch01_316616_317079	++	1	0	SL2.50ch01	316683	316686	2	Spenn-ch01	424909	424910
SL2.50ch01_316616_317079	++	2	1	SL2.50ch01	316884	316885	0	Spenn-ch01	425108	425110
SL2.50ch01_316616_317079	++	3	28	SL2.50ch01	316977	316978	0	Spenn-ch01	425202	425231
SL2.50ch01_363026_363190	++	1	0	SL2.50ch01	363116	363146	29	Spenn-ch01	474612	474613
SL2.50ch01_365187_366292	++	1	0	SL2.50ch01	365335	365480	144	Spenn-ch01	476783	476784
SL2.50ch01_365187_366292	++	2	1	SL2.50ch01	365628	365629	0	Spenn-ch01	476932	476934
SL2.50ch01_365187_366292	++	3	0	SL2.50ch01	365718	365723	4	Spenn-ch01	477023	477024
SL2.50ch01_407274_407961	++	1	0	SL2.50ch01	407368	407375	6	Spenn-ch01	551924	551925
SL2.50ch01_407274_407961	++	2	61	SL2.50ch01	407401	407402	0	Spenn-ch01	551951	552013
SL2.50ch01_407274_407961	++	3	0	SL2.50ch01	407547	407549	1	Spenn-ch01	552158	552159
SL2.50ch01_425201_426002	++	1	0	SL2.50ch01	425525	425527	1	Spenn-ch01	569485	569486
SL2.50ch01_425201_426002	++	2	0	SL2.50ch01	425566	425568	1	Spenn-ch01	569525	569526
SL2.50ch01_425201_426002	++	3	1	SL2.50ch01	425702	425703	0	Spenn-ch01	569660	569662
SL2.50ch01_425201_426002	++	4	1	SL2.50ch01	425715	425716	0	Spenn-ch01	569674	569676
SL2.50ch01_425201_426002	++	5	39	SL2.50ch01	425757	425758	0	Spenn-ch01	569717	569757
SL2.50ch01_425201_426002	++	6	5	SL2.50ch01	425763	425764	0	Spenn-ch01	569762	569768
SL2.50ch01_425201_426002	++	7	1	SL2.50ch01	425792	425793	0	Spenn-ch01	569796	569798
SL2.50ch01_425201_426002	++	8	2	SL2.50ch01	425869	425870	0	Spenn-ch01	569874	569877
SL2.50ch01_445071_445227	++	1	21	SL2.50ch01	445201	445202	0	Spenn-ch01	589578	589600
SL2.50ch01_506864_507523	++	1	0	SL2.50ch01	507034	507053	18	Spenn-ch01	652496	652497
SL2.50ch01_506864_507523	++	2	0	SL2.50ch01	507324	507349	24	Spenn-ch01	652768	652769
SL2.50ch01_506864_507523	++	3	0	SL2.50ch01	507368	507440	71	Spenn-ch01	652788	652789
SL2.50ch01_537350_538626	++	1	0	SL2.50ch01	537391	537393	1	Spenn-ch01	689125	689126
SL2.50ch01_537350_538626	++	2	0	SL2.50ch01	537957	538096	138	Spenn-ch01	689690	689691
SL2.50ch01_537350_538626	++	3	0	SL2.50ch01	538104	538111	6	Spenn-ch01	689699	689700
SL2.50ch01_537350_538626	++	4	0	SL2.50ch01	538114	538136	21	Spenn-ch01	689703	689704
SL2.50ch01_537350_538626	++	5	0	SL2.50ch01	538293	538295	1	Spenn-ch01	689861	689862
SL2.50ch01_537350_538626	++	6	7	SL2.50ch01	538356	538357	0	Spenn-ch01	689923	689931
SL2.50ch01_537350_538626	++	7	2	SL2.50ch01	538587	538588	0	Spenn-ch01	690161	690164
SL2.50ch01_616166_616568	++	1	2	SL2.50ch01	616344	616345	0	Spenn-ch01	782674	782677
SL2.50ch01_616166_616568	++	2	40	SL2.50ch01	616403	616404	0	Spenn-ch01	782735	782776
SL2.50ch01_618052_618575	++	1	2	SL2.50ch01	618102	618103	0	Spenn-ch01	784448	784451
SL2.50ch01_618052_618575	++	2	0	SL2.50ch01	618373	618375	1	Spenn-ch01	784721	784722
SL2.50ch01_618052_618575	++	3	0	SL2.50ch01	618418	618500	81	Spenn-ch01	784765	784766
SL2.50ch01_669622_669944	++	1	27	SL2.50ch01	669758	669759	0	Spenn-ch01	833525	833553
SL2.50ch01_673453_673886	++	1	2	SL2.50ch01	673667	673668	0	Spenn-ch01	837703	837706
SL2.50ch01_673453_673886	++	2	3	SL2.50ch01	673685	673686	0	Spenn-ch01	837723	837727
SL2.50ch01_673453_673886	++	3	0	SL2.50ch01	673691	673722	30	Spenn-ch01	837732	837733
SL2.50ch01_679981_680229	++	1	16	SL2.50ch01	680110	680111	0	Spenn-ch01	844183	844200
SL2.50ch01_716405_716530	++	1	12	SL2.50ch01	716457	716458	0	Spenn-ch01	873385	873398
SL2.50ch01_720241_720556	++	1	0	SL2.50ch01	720415	720459	43	Spenn-ch01	877353	877354
SL2.50ch01_787615_788815	++	1	0	SL2.50ch01	787807	788349	541	Spenn-ch01	950112	950113
SL2.50ch01_787615_788815	++	2	0	SL2.50ch01	788428	788430	1	Spenn-ch01	950192	950193
SL2.50ch01_787615_788815	++	3	13	SL2.50ch01	788451	788452	0	Spenn-ch01	950214	950228
SL2.50ch01_787615_788815	++	4	0	SL2.50ch01	788597	788599	1	Spenn-ch01	950373	950374
SL2.50ch01_789161_789474	++	1	47	SL2.50ch01	789310	789311	0	Spenn-ch01	951090	951138
SL2.50ch01_789161_789474	++	2	1	SL2.50ch01	789394	789395	0	Spenn-ch01	951221	951223
SL2.50ch01_838237_838933	++	1	0	SL2.50ch01	838483	838599	115	Spenn-ch01	1001051	1001052
SL2.50ch01_838237_838933	++	2	0	SL2.50ch01	838603	838711	107	Spenn-ch01	1001056	1001057
SL2.50ch01_838237_838933	++	3	16	SL2.50ch01	838901	838902	0	Spenn-ch01	1001247	1001264
SL2.50ch01_847894_848656	++	1	1	SL2.50ch01	847963	847964	0	Spenn-ch01	1010707	1010709
SL2.50ch01_847894_848656	++	2	0	SL2.50ch01	848105	848235	129	Spenn-ch01	1010850	1010851
SL2.50ch01_847894_848656	++	3	0	SL2.50ch01	848356	848359	2	Spenn-ch01	1010972	1010973
SL2.50ch01_848990_849947	++	1	0	SL2.50ch01	849051	849053	1	Spenn-ch01	1011664	1011665
SL2.50ch01_848990_849947	++	2	1	SL2.50ch01	849287	849288	0	Spenn-ch01	1011899	1011901
SL2.50ch01_848990_849947	++	3	11	SL2.50ch01	849312	849313	0	Spenn-ch01	1011925	1011937
SL2.50ch01_848990_849947	++	4	2	SL2.50ch01	849386	849387	0	Spenn-ch01	1012010	1012013
SL2.50ch01_848990_849947	++	5	41	SL2.50ch01	849526	849527	0	Spenn-ch01	1012152	1012194
SL2.50ch01_848990_849947	++	6	0	SL2.50ch01	849563	849565	1	Spenn-ch01	1012230	1012231
SL2.50ch01_848990_849947	++	7	0	SL2.50ch01	849791	849793	1	Spenn-ch01	1012457	1012458
SL2.50ch01_848990_849947	++	8	1	SL2.50ch01	849852	849853	0	Spenn-ch01	1012517	1012519
SL2.50ch01_856901_857273	++	1	0	SL2.50ch01	857025	857038	12	Spenn-ch01	1020056	1020057
SL2.50ch01_856901_857273	++	2	1	SL2.50ch01	857091	857092	0	Spenn-ch01	1020110	1020112
SL2.50ch01_856901_857273	++	3	109	SL2.50ch01	857114	857115	0	Spenn-ch01	1020134	1020244
SL2.50ch01_909008_909823	++	1	0	SL2.50ch01	909073	909142	68	Spenn-ch01	1079315	1079316
SL2.50ch01_909008_909823	++	2	0	SL2.50ch01	909270	909272	1	Spenn-ch01	1079444	1079445
SL2.50ch01_909008_909823	++	3	0	SL2.50ch01	909281	909283	1	Spenn-ch01	1079454	1079455
SL2.50ch01_909008_909823	++	4	0	SL2.50ch01	909294	909305	10	Spenn-ch01	1079466	1079467
SL2.50ch01_909008_909823	++	5	0	SL2.50ch01	909482	909484	1	Spenn-ch01	1079644	1079645
SL2.50ch01_909008_909823	++	6	0	SL2.50ch01	909580	909583	2	Spenn-ch01	1079741	1079742
SL2.50ch01_1022704_1022972	++	1	0	SL2.50ch01	1022760	1022782	21	Spenn-ch01	1215811	1215812
SL2.50ch01_1022704_1022972	++	2	3	SL2.50ch01	1022850	1022851	0	Spenn-ch01	1215880	1215884
SL2.50ch01_1057988_1059469	++	1	1	SL2.50ch01	1058063	1058064	0	Spenn-ch01	1249613	1249615
SL2.50ch01_1057988_1059469	++	2	0	SL2.50ch01	1058184	1058189	4	Spenn-ch01	1249735	1249736
SL2.50ch01_1057988_1059469	++	3	3	SL2.50ch01	1058422	1058423	0	Spenn-ch01	1249969	1249973
SL2.50ch01_1057988_1059469	++	4	0	SL2.50ch01	1058463	1058465	1	Spenn-ch01	1250013	1250014
SL2.50ch01_1057988_1059469	++	5	114	SL2.50ch01	1058585	1058586	0	Spenn-ch01	1250134	1250249
SL2.50ch01_1057988_1059469	++	6	25	SL2.50ch01	1058980	1058981	0	Spenn-ch01	1250643	1250669
SL2.50ch01_1057988_1059469	++	7	6	SL2.50ch01	1059080	1059081	0	Spenn-ch01	1250768	1250775
SL2.50ch01_1057988_1059469	++	8	1	SL2.50ch01	1059165	1059166	0	Spenn-ch01	1250859	1250861
SL2.50ch01_1057988_1059469	++	9	1	SL2.50ch01	1059209	1059210	0	Spenn-ch01	1250904	1250906
SL2.50ch01_1057988_1059469	++	10	0	SL2.50ch01	1059227	1059229	1	Spenn-ch01	1250923	1250924
SL2.50ch01_1059626_1060138	++	1	0	SL2.50ch01	1059717	1059831	113	Spenn-ch01	1251412	1251413
SL2.50ch01_1061031_1061388	++	1	0	SL2.50ch01	1061152	1061190	37	Spenn-ch01	1252734	1252735
SL2.50ch01_1077358_1077600	++	1	26	SL2.50ch01	1077459	1077460	0	Spenn-ch01	1272442	1272469
SL2.50ch01_1077358_1077600	++	2	0	SL2.50ch01	1077519	1077524	4	Spenn-ch01	1272528	1272529
SL2.50ch01_1204286_1205181	++	1	19	SL2.50ch01	1204522	1204523	0	Spenn-ch01	1421864	1421884
SL2.50ch01_1204286_1205181	++	2	44	SL2.50ch01	1204696	1204697	0	Spenn-ch01	1422057	1422102
SL2.50ch01_1226512_1226824	++	1	301	SL2.50ch01	1226575	1226576	0	Spenn-ch01	1451461	1451763
SL2.50ch01_1226512_1226824	++	2	0	SL2.50ch01	1226616	1226638	21	Spenn-ch01	1451803	1451804
SL2.50ch01_1263043_1263460	++	1	189	SL2.50ch01	1263068	1263069	0	Spenn-ch01	1489471	1489661
SL2.50ch01_1263472_1264044	++	1	2	SL2.50ch01	1263704	1263705	0	Spenn-ch01	1490296	1490299
SL2.50ch01_1263472_1264044	++	2	0	SL2.50ch01	1263914	1263950	35	Spenn-ch01	1490508	1490509
SL2.50ch01_1305255_1305877	++	1	0	SL2.50ch01	1305324	1305326	1	Spenn-ch01	1533988	1533989
SL2.50ch01_1305255_1305877	++	2	0	SL2.50ch01	1305551	1305597	45	Spenn-ch01	1534214	1534215
SL2.50ch01_1305255_1305877	++	3	0	SL2.50ch01	1305741	1305743	1	Spenn-ch01	1534359	1534360
SL2.50ch01_1329539_1329838	++	1	25	SL2.50ch01	1329785	1329786	0	Spenn-ch01	1553545	1553571
SL2.50ch01_1329539_1329838	++	2	1	SL2.50ch01	1329801	1329802	0	Spenn-ch01	1553586	1553588
SL2.50ch01_1333433_1333583	++	1	0	SL2.50ch01	1333502	1333536	33	Spenn-ch01	1557292	1557293
SL2.50ch01_1367090_1367472	++	1	8	SL2.50ch01	1367180	1367181	0	Spenn-ch01	1622071	1622080
SL2.50ch01_1367090_1367472	++	2	276	SL2.50ch01	1367247	1367248	0	Spenn-ch01	1622146	1622423
SL2.50ch01_1370931_1371254	++	1	7	SL2.50ch01	1371027	1371028	0	Spenn-ch01	1626185	1626193
SL2.50ch01_1370931_1371254	++	2	0	SL2.50ch01	1371049	1371107	57	Spenn-ch01	1626214	1626215
SL2.50ch01_1411970_1412315	++	1	1	SL2.50ch01	1412178	1412179	0	Spenn-ch01	1670788	1670790
SL2.50ch01_1411970_1412315	++	2	72	SL2.50ch01	1412220	1412221	0	Spenn-ch01	1670831	1670904
SL2.50ch01_1414004_1414224	++	1	20	SL2.50ch01	1414108	1414109	0	Spenn-ch01	1672754	1672775
SL2.50ch01_1450284_1450639	++	1	471	SL2.50ch01	1450579	1450580	0	Spenn-ch01	1711335	1711807
SL2.50ch01_1510305_1510939	++	1	8	SL2.50ch01	1510363	1510364	0	Spenn-ch01	1782694	1782703
SL2.50ch01_1510305_1510939	++	2	1	SL2.50ch01	1510419	1510420	0	Spenn-ch01	1782758	1782760
SL2.50ch01_1510305_1510939	++	3	28	SL2.50ch01	1510438	1510439	0	Spenn-ch01	1782778	1782807
SL2.50ch01_1526868_1527559	++	1	0	SL2.50ch01	1526947	1527264	316	Spenn-ch01	1799612	1799613
SL2.50ch01_1526868_1527559	++	2	0	SL2.50ch01	1527297	1527300	2	Spenn-ch01	1799646	1799647
SL2.50ch01_1531210_1531724	++	1	69	SL2.50ch01	1531613	1531614	0	Spenn-ch01	1804383	1804453
SL2.50ch01_1531210_1531724	++	2	18	SL2.50ch01	1531667	1531668	0	Spenn-ch01	1804506	1804525
SL2.50ch01_1531210_1531724	++	3	2	SL2.50ch01	1531680	1531681	0	Spenn-ch01	1804537	1804540
SL2.50ch01_1534879_1535222	++	1	0	SL2.50ch01	1535074	1535076	1	Spenn-ch01	1807930	1807931
SL2.50ch01_1534879_1535222	++	2	0	SL2.50ch01	1535174	1535198	23	Spenn-ch01	1808029	1808030
SL2.50ch01_1662297_1662885	++	1	0	SL2.50ch01	1662467	1662570	102	Spenn-ch01	1936278	1936279
SL2.50ch01_1663941_1664124	++	1	0	SL2.50ch01	1663957	1663979	21	Spenn-ch01	1937665	1937666
SL2.50ch01_1692397_1692898	++	1	305	SL2.50ch01	1692648	1692649	0	Spenn-ch01	1966838	1967144
SL2.50ch01_1692397_1692898	++	2	0	SL2.50ch01	1692824	1692826	1	Spenn-ch01	1967319	1967320
SL2.50ch01_1701525_1702672	++	1	24	SL2.50ch01	1701573	1701574	0	Spenn-ch01	1974217	1974242
SL2.50ch01_1701525_1702672	++	2	37	SL2.50ch01	1702253	1702254	0	Spenn-ch01	1974921	1974959
SL2.50ch01_1732320_1733053	++	1	68	SL2.50ch01	1732586	1732587	0	Spenn-ch01	2029064	2029133
SL2.50ch01_1732320_1733053	++	2	0	SL2.50ch01	1732766	1732768	1	Spenn-ch01	2029312	2029313
SL2.50ch01_1942008_1943909	++	1	2	SL2.50ch01	1942340	1942341	0	Spenn-ch01	2176003	2176006
SL2.50ch01_1942008_1943909	++	2	6	SL2.50ch01	1942558	1942559	0	Spenn-ch01	2176223	2176230
SL2.50ch01_1942008_1943909	++	3	1	SL2.50ch01	1942602	1942603	0	Spenn-ch01	2176273	2176275
SL2.50ch01_1942008_1943909	++	4	1	SL2.50ch01	1943302	1943303	0	Spenn-ch01	2176974	2176976
SL2.50ch01_1942008_1943909	++	5	0	SL2.50ch01	1943435	1943793	357	Spenn-ch01	2177108	2177109
SL2.50ch01_1948405_1948651	++	1	0	SL2.50ch01	1948462	1948464	1	Spenn-ch01	2181826	2181827
SL2.50ch01_1948405_1948651	++	2	25	SL2.50ch01	1948520	1948521	0	Spenn-ch01	2181883	2181909
SL2.50ch01_2001043_2001429	++	1	29	SL2.50ch01	2001105	2001106	0	Spenn-ch01	2256832	2256862
SL2.50ch01_2001043_2001429	++	2	1	SL2.50ch01	2001143	2001144	0	Spenn-ch01	2256899	2256901
SL2.50ch01_2001043_2001429	++	3	0	SL2.50ch01	2001327	2001330	2	Spenn-ch01	2257084	2257085
SL2.50ch01_2019567_2020094	++	1	0	SL2.50ch01	2019709	2019748	38	Spenn-ch01	2275733	2275734
SL2.50ch01_2044707_2045090	++	1	1	SL2.50ch01	2044766	2044767	0	Spenn-ch01	2305666	2305668
SL2.50ch01_2044707_2045090	++	2	0	SL2.50ch01	2044965	2045010	44	Spenn-ch01	2305866	2305867
SL2.50ch01_2062871_2063020	++	1	0	SL2.50ch01	2062914	2062927	12	Spenn-ch01	2322904	2322905
SL2.50ch01_2101888_2102595	++	1	0	SL2.50ch01	2102168	2102207	38	Spenn-ch01	2361717	2361718
SL2.50ch01_2101888_2102595	++	2	0	SL2.50ch01	2102282	2102286	3	Spenn-ch01	2361793	2361794
SL2.50ch01_2101888_2102595	++	3	1	SL2.50ch01	2102402	2102403	0	Spenn-ch01	2361910	2361912
SL2.50ch01_2101888_2102595	++	4	0	SL2.50ch01	2102547	2102552	4	Spenn-ch01	2362056	2362057
SL2.50ch01_2118178_2118349	++	1	0	SL2.50ch01	2118283	2118315	31	Spenn-ch01	2378668	2378669
SL2.50ch01_2118487_2118773	++	1	0	SL2.50ch01	2118554	2118701	146	Spenn-ch01	2378908	2378909
SL2.50ch01_2208310_2208785	++	1	31	SL2.50ch01	2208715	2208716	0	Spenn-ch01	2473942	2473974
SL2.50ch01_2214522_2214944	++	1	0	SL2.50ch01	2214740	2214759	18	Spenn-ch01	2479976	2479977
SL2.50ch01_2214522_2214944	++	2	0	SL2.50ch01	2214773	2214775	1	Spenn-ch01	2479991	2479992
SL2.50ch01_2214522_2214944	++	3	0	SL2.50ch01	2214868	2214874	5	Spenn-ch01	2480085	2480086
SL2.50ch01_2217562_2218142	++	1	1	SL2.50ch01	2217902	2217903	0	Spenn-ch01	2483108	2483110
SL2.50ch01_2217562_2218142	++	2	97	SL2.50ch01	2218005	2218006	0	Spenn-ch01	2483212	2483310
SL2.50ch01_2218241_2218578	++	1	5	SL2.50ch01	2218439	2218440	0	Spenn-ch01	2483743	2483749
SL2.50ch01_2218241_2218578	++	2	27	SL2.50ch01	2218478	2218479	0	Spenn-ch01	2483787	2483815
SL2.50ch01_2224235_2225997	++	1	0	SL2.50ch01	2224385	2224389	3	Spenn-ch01	2490188	2490189
SL2.50ch01_2224235_2225997	++	2	0	SL2.50ch01	2224546	2224549	2	Spenn-ch01	2490346	2490347
SL2.50ch01_2224235_2225997	++	3	1	SL2.50ch01	2224866	2224867	0	Spenn-ch01	2490664	2490666
SL2.50ch01_2224235_2225997	++	4	222	SL2.50ch01	2224885	2224886	0	Spenn-ch01	2490684	2490907
SL2.50ch01_2224235_2225997	++	5	1	SL2.50ch01	2225277	2225278	0	Spenn-ch01	2491298	2491300
SL2.50ch01_2224235_2225997	++	6	0	SL2.50ch01	2225889	2225893	3	Spenn-ch01	2491911	2491912
SL2.50ch01_2242665_2243080	++	1	27	SL2.50ch01	2242698	2242699	0	Spenn-ch01	2508100	2508128
SL2.50ch01_2242665_2243080	++	2	2	SL2.50ch01	2242838	2242839	0	Spenn-ch01	2508267	2508270
SL2.50ch01_2252969_2253626	++	1	0	SL2.50ch01	2253221	2253259	37	Spenn-ch01	2519035	2519036
SL2.50ch01_2252969_2253626	++	2	0	SL2.50ch01	2253264	2253316	51	Spenn-ch01	2519041	2519042
SL2.50ch01_2252969_2253626	++	3	0	SL2.50ch01	2253359	2253361	1	Spenn-ch01	2519085	2519086
SL2.50ch01_2252969_2253626	++	4	0	SL2.50ch01	2253552	2253554	1	Spenn-ch01	2519277	2519278
SL2.50ch01_2259180_2259793	++	1	1	SL2.50ch01	2259399	2259400	0	Spenn-ch01	2525123	2525125
SL2.50ch01_2259180_2259793	++	2	43	SL2.50ch01	2259454	2259455	0	Spenn-ch01	2525179	2525223
SL2.50ch01_2275749_2275973	++	1	18	SL2.50ch01	2275876	2275877	0	Spenn-ch01	2538853	2538872
SL2.50ch01_2352447_2352897	++	1	2	SL2.50ch01	2352525	2352526	0	Spenn-ch01	2651677	2651680
SL2.50ch01_2352447_2352897	++	2	265	SL2.50ch01	2352634	2352635	0	Spenn-ch01	2651788	2652054
SL2.50ch01_2352447_2352897	++	3	0	SL2.50ch01	2352823	2352825	1	Spenn-ch01	2652242	2652243
SL2.50ch01_2355999_2357499	++	1	0	SL2.50ch01	2356021	2356023	1	Spenn-ch01	2655577	2655578
SL2.50ch01_2355999_2357499	++	2	1	SL2.50ch01	2356132	2356133	0	Spenn-ch01	2655687	2655689
SL2.50ch01_2355999_2357499	++	3	1	SL2.50ch01	2356161	2356162	0	Spenn-ch01	2655717	2655719
SL2.50ch01_2355999_2357499	++	4	0	SL2.50ch01	2356247	2357309	1061	Spenn-ch01	2655804	2655805
SL2.50ch01_2355999_2357499	++	5	0	SL2.50ch01	2357333	2357335	1	Spenn-ch01	2655829	2655830
SL2.50ch01_2355999_2357499	++	6	9	SL2.50ch01	2357465	2357466	0	Spenn-ch01	2655960	2655970
SL2.50ch01_2355999_2357499	++	7	1	SL2.50ch01	2357470	2357471	0	Spenn-ch01	2655974	2655976
SL2.50ch01_2358107_2358520	++	1	0	SL2.50ch01	2358157	2358208	50	Spenn-ch01	2656665	2656666
SL2.50ch01_2358107_2358520	++	2	6	SL2.50ch01	2358335	2358336	0	Spenn-ch01	2656793	2656800
SL2.50ch01_2382994_2383794	++	1	2	SL2.50ch01	2383027	2383028	0	Spenn-ch01	2677854	2677857
SL2.50ch01_2382994_2383794	++	2	1	SL2.50ch01	2383177	2383178	0	Spenn-ch01	2678006	2678008
SL2.50ch01_2382994_2383794	++	3	0	SL2.50ch01	2383350	2383445	94	Spenn-ch01	2678180	2678181
SL2.50ch01_2382994_2383794	++	4	0	SL2.50ch01	2383505	2383511	5	Spenn-ch01	2678241	2678242
SL2.50ch01_2382994_2383794	++	5	1	SL2.50ch01	2383594	2383595	0	Spenn-ch01	2678325	2678327
SL2.50ch01_2382994_2383794	++	6	0	SL2.50ch01	2383768	2383770	1	Spenn-ch01	2678500	2678501
SL2.50ch01_2401337_2401770	++	1	0	SL2.50ch01	2401569	2401572	2	Spenn-ch01	2697052	2697053
SL2.50ch01_2401337_2401770	++	2	0	SL2.50ch01	2401613	2401640	26	Spenn-ch01	2697094	2697095
SL2.50ch01_2401337_2401770	++	3	0	SL2.50ch01	2401643	2401646	2	Spenn-ch01	2697098	2697099
SL2.50ch01_2406238_2407068	++	1	74	SL2.50ch01	2406388	2406389	0	Spenn-ch01	2701813	2701888
SL2.50ch01_2406238_2407068	++	2	324	SL2.50ch01	2406805	2406806	0	Spenn-ch01	2702304	2702629
SL2.50ch01_2406238_2407068	++	3	0	SL2.50ch01	2406970	2406972	1	Spenn-ch01	2702793	2702794
SL2.50ch01_2406238_2407068	++	4	0	SL2.50ch01	2406978	2406980	1	Spenn-ch01	2702800	2702801
SL2.50ch01_2406238_2407068	++	5	11	SL2.50ch01	2407036	2407037	0	Spenn-ch01	2702857	2702869
SL2.50ch01_2409758_2410229	++	1	0	SL2.50ch01	2410081	2410111	29	Spenn-ch01	2705674	2705675
SL2.50ch01_2413246_2414940	++	1	44	SL2.50ch01	2413270	2413271	0	Spenn-ch01	2708797	2708842
SL2.50ch01_2413246_2414940	++	2	0	SL2.50ch01	2413310	2413312	1	Spenn-ch01	2708881	2708882
SL2.50ch01_2413246_2414940	++	3	31	SL2.50ch01	2413469	2413470	0	Spenn-ch01	2709039	2709071
SL2.50ch01_2413246_2414940	++	4	0	SL2.50ch01	2413499	2413501	1	Spenn-ch01	2709100	2709101
SL2.50ch01_2413246_2414940	++	5	0	SL2.50ch01	2413687	2413689	1	Spenn-ch01	2709287	2709288
SL2.50ch01_2413246_2414940	++	6	0	SL2.50ch01	2413742	2413744	1	Spenn-ch01	2709341	2709342
SL2.50ch01_2413246_2414940	++	7	4	SL2.50ch01	2414009	2414010	0	Spenn-ch01	2709607	2709612
SL2.50ch01_2413246_2414940	++	8	5	SL2.50ch01	2414326	2414327	0	Spenn-ch01	2709928	2709934
SL2.50ch01_2413246_2414940	++	9	7	SL2.50ch01	2414491	2414492	0	Spenn-ch01	2710098	2710106
SL2.50ch01_2421087_2421544	++	1	0	SL2.50ch01	2421147	2421149	1	Spenn-ch01	2716745	2716746
SL2.50ch01_2421087_2421544	++	2	0	SL2.50ch01	2421247	2421315	67	Spenn-ch01	2716844	2716845
SL2.50ch01_2421087_2421544	++	3	1	SL2.50ch01	2421369	2421370	0	Spenn-ch01	2716899	2716901
SL2.50ch01_2421087_2421544	++	4	0	SL2.50ch01	2421385	2421387	1	Spenn-ch01	2716916	2716917
SL2.50ch01_2432422_2432857	++	1	341	SL2.50ch01	2432662	2432663	0	Spenn-ch01	2727947	2728289
SL2.50ch01_2432422_2432857	++	2	96	SL2.50ch01	2432817	2432818	0	Spenn-ch01	2728443	2728540
SL2.50ch01_2433184_2433719	++	1	1	SL2.50ch01	2433298	2433299	0	Spenn-ch01	2729018	2729020
SL2.50ch01_2433184_2433719	++	2	103	SL2.50ch01	2433331	2433332	0	Spenn-ch01	2729052	2729156
SL2.50ch01_2443536_2443779	++	1	0	SL2.50ch01	2443611	2443685	73	Spenn-ch01	2739451	2739452
SL2.50ch01_2463798_2464841	++	1	0	SL2.50ch01	2463919	2463971	51	Spenn-ch01	2759947	2759948
SL2.50ch01_2463798_2464841	++	2	0	SL2.50ch01	2463975	2464002	26	Spenn-ch01	2759952	2759953
SL2.50ch01_2463798_2464841	++	3	1	SL2.50ch01	2464268	2464269	0	Spenn-ch01	2760219	2760221
SL2.50ch01_2463798_2464841	++	4	0	SL2.50ch01	2464356	2464358	1	Spenn-ch01	2760308	2760309
SL2.50ch01_2463798_2464841	++	5	2	SL2.50ch01	2464394	2464395	0	Spenn-ch01	2760345	2760348
SL2.50ch01_2463798_2464841	++	6	1	SL2.50ch01	2464443	2464444	0	Spenn-ch01	2760396	2760398
SL2.50ch01_2515200_2515335	++	1	0	SL2.50ch01	2515286	2515305	18	Spenn-ch01	2816106	2816107
SL2.50ch01_2626232_2626571	++	1	0	SL2.50ch01	2626376	2626378	1	Spenn-ch01	2919541	2919542
SL2.50ch01_2626232_2626571	++	2	0	SL2.50ch01	2626474	2626521	46	Spenn-ch01	2919638	2919639
SL2.50ch01_2626232_2626571	++	3	1	SL2.50ch01	2626533	2626534	0	Spenn-ch01	2919651	2919653
SL2.50ch01_2629566_2629983	++	1	0	SL2.50ch01	2629634	2629636	1	Spenn-ch01	2922746	2922747
SL2.50ch01_2629566_2629983	++	2	1	SL2.50ch01	2629795	2629796	0	Spenn-ch01	2922906	2922908
SL2.50ch01_2629566_2629983	++	3	87	SL2.50ch01	2629864	2629865	0	Spenn-ch01	2922976	2923064
SL2.50ch01_2656968_2657647	++	1	1	SL2.50ch01	2657283	2657284	0	Spenn-ch01	2968549	2968551
SL2.50ch01_2656968_2657647	++	2	9	SL2.50ch01	2657358	2657359	0	Spenn-ch01	2968625	2968635
SL2.50ch01_2656968_2657647	++	3	177	SL2.50ch01	2657368	2657369	0	Spenn-ch01	2968644	2968822
SL2.50ch01_2656968_2657647	++	4	24	SL2.50ch01	2657371	2657372	0	Spenn-ch01	2968824	2968849
SL2.50ch01_2669939_2671134	++	1	1	SL2.50ch01	2670020	2670021	0	Spenn-ch01	2980905	2980907
SL2.50ch01_2669939_2671134	++	2	1	SL2.50ch01	2670056	2670057	0	Spenn-ch01	2980942	2980944
SL2.50ch01_2669939_2671134	++	3	46	SL2.50ch01	2670251	2670252	0	Spenn-ch01	2981138	2981185
SL2.50ch01_2669939_2671134	++	4	50	SL2.50ch01	2670259	2670260	0	Spenn-ch01	2981192	2981243
SL2.50ch01_2669939_2671134	++	5	0	SL2.50ch01	2670387	2670389	1	Spenn-ch01	2981370	2981371
SL2.50ch01_2669939_2671134	++	6	0	SL2.50ch01	2670422	2671066	643	Spenn-ch01	2981404	2981405
SL2.50ch01_2772056_2772446	++	1	10	SL2.50ch01	2772245	2772246	0	Spenn-ch01	3102375	3102386
SL2.50ch01_2772056_2772446	++	2	14	SL2.50ch01	2772341	2772342	0	Spenn-ch01	3102481	3102496
SL2.50ch01_2776439_2777354	++	1	0	SL2.50ch01	2776487	2776489	1	Spenn-ch01	3107496	3107497
SL2.50ch01_2776439_2777354	++	2	72	SL2.50ch01	2776615	2776616	0	Spenn-ch01	3107623	3107696
SL2.50ch01_2776439_2777354	++	3	0	SL2.50ch01	2776783	2776786	2	Spenn-ch01	3107863	3107864
SL2.50ch01_2776439_2777354	++	4	1	SL2.50ch01	2776806	2776807	0	Spenn-ch01	3107884	3107886
SL2.50ch01_2776439_2777354	++	5	0	SL2.50ch01	2776949	2776956	6	Spenn-ch01	3108028	3108029
SL2.50ch01_2879633_2880276	++	1	0	SL2.50ch01	2879841	2879850	8	Spenn-ch01	3212706	3212707
SL2.50ch01_2879633_2880276	++	2	0	SL2.50ch01	2879972	2879974	1	Spenn-ch01	3212829	3212830
SL2.50ch01_2879633_2880276	++	3	0	SL2.50ch01	2880025	2880081	55	Spenn-ch01	3212881	3212882
SL2.50ch01_2879633_2880276	++	4	0	SL2.50ch01	2880132	2880134	1	Spenn-ch01	3212933	3212934
SL2.50ch01_2879633_2880276	++	5	0	SL2.50ch01	2880197	2880199	1	Spenn-ch01	3212997	3212998
SL2.50ch01_2882011_2882191	++	1	50	SL2.50ch01	2882150	2882151	0	Spenn-ch01	3215102	3215153
SL2.50ch01_2909830_2910116	++	1	0	SL2.50ch01	2909870	2909892	21	Spenn-ch01	3246784	3246785
SL2.50ch01_2941860_2942671	++	1	0	SL2.50ch01	2941959	2941961	1	Spenn-ch01	3277024	3277025
SL2.50ch01_2941860_2942671	++	2	2	SL2.50ch01	2942007	2942008	0	Spenn-ch01	3277071	3277074
SL2.50ch01_2941860_2942671	++	3	1	SL2.50ch01	2942132	2942133	0	Spenn-ch01	3277198	3277200
SL2.50ch01_2941860_2942671	++	4	0	SL2.50ch01	2942170	2942454	283	Spenn-ch01	3277237	3277238
SL2.50ch01_2961238_2961470	++	1	0	SL2.50ch01	2961367	2961371	3	Spenn-ch01	3298123	3298124
SL2.50ch01_2961238_2961470	++	2	83	SL2.50ch01	2961424	2961425	0	Spenn-ch01	3298177	3298261
SL2.50ch01_2962130_2962443	++	1	0	SL2.50ch01	2962175	2962222	46	Spenn-ch01	3298997	3298998
SL2.50ch01_2962130_2962443	++	2	2	SL2.50ch01	2962325	2962326	0	Spenn-ch01	3299101	3299104
SL2.50ch01_3014231_3015613	++	1	1	SL2.50ch01	3014255	3014256	0	Spenn-ch01	3355780	3355782
SL2.50ch01_3014231_3015613	++	2	0	SL2.50ch01	3014314	3014316	1	Spenn-ch01	3355840	3355841
SL2.50ch01_3014231_3015613	++	3	156	SL2.50ch01	3014682	3014683	0	Spenn-ch01	3356207	3356364
SL2.50ch01_3014231_3015613	++	4	6	SL2.50ch01	3014766	3014767	0	Spenn-ch01	3356447	3356454
SL2.50ch01_3014231_3015613	++	5	0	SL2.50ch01	3014780	3014782	1	Spenn-ch01	3356467	3356468
SL2.50ch01_3014231_3015613	++	6	0	SL2.50ch01	3014890	3014893	2	Spenn-ch01	3356576	3356577
SL2.50ch01_3014231_3015613	++	7	0	SL2.50ch01	3014960	3014962	1	Spenn-ch01	3356644	3356645
SL2.50ch01_3014231_3015613	++	8	268	SL2.50ch01	3015083	3015084	0	Spenn-ch01	3356766	3357035
SL2.50ch01_3014231_3015613	++	9	1	SL2.50ch01	3015214	3015215	0	Spenn-ch01	3357165	3357167
SL2.50ch01_3014231_3015613	++	10	8	SL2.50ch01	3015223	3015224	0	Spenn-ch01	3357175	3357184
SL2.50ch01_3014231_3015613	++	11	1	SL2.50ch01	3015474	3015475	0	Spenn-ch01	3357434	3357436
SL2.50ch01_3029134_3030545	++	1	0	SL2.50ch01	3029413	3030397	983	Spenn-ch01	3371233	3371234
SL2.50ch01_3031192_3032242	++	1	1	SL2.50ch01	3031399	3031400	0	Spenn-ch01	3372235	3372237
SL2.50ch01_3031192_3032242	++	2	0	SL2.50ch01	3031447	3031968	520	Spenn-ch01	3372284	3372285
SL2.50ch01_3031192_3032242	++	3	0	SL2.50ch01	3032063	3032065	1	Spenn-ch01	3372380	3372381
SL2.50ch01_3036081_3036633	++	1	132	SL2.50ch01	3036104	3036105	0	Spenn-ch01	3376446	3376579
SL2.50ch01_3036081_3036633	++	2	1	SL2.50ch01	3036146	3036147	0	Spenn-ch01	3376620	3376622
SL2.50ch01_3036081_3036633	++	3	0	SL2.50ch01	3036343	3036356	12	Spenn-ch01	3376818	3376819
SL2.50ch01_3062443_3062732	++	1	0	SL2.50ch01	3062515	3062561	45	Spenn-ch01	3404352	3404353
SL2.50ch01_3062443_3062732	++	2	0	SL2.50ch01	3062623	3062625	1	Spenn-ch01	3404415	3404416
SL2.50ch01_3080928_3081388	++	1	18	SL2.50ch01	3081044	3081045	0	Spenn-ch01	3423001	3423020
SL2.50ch01_3080928_3081388	++	2	21	SL2.50ch01	3081073	3081074	0	Spenn-ch01	3423048	3423070
SL2.50ch01_3125422_3126220	++	1	7	SL2.50ch01	3125952	3125953	0	Spenn-ch01	3476732	3476740
SL2.50ch01_3125422_3126220	++	2	171	SL2.50ch01	3126045	3126046	0	Spenn-ch01	3476832	3477004
SL2.50ch01_3125422_3126220	++	3	1	SL2.50ch01	3126055	3126056	0	Spenn-ch01	3477013	3477015
SL2.50ch01_3125422_3126220	++	4	0	SL2.50ch01	3126089	3126091	1	Spenn-ch01	3477048	3477049
SL2.50ch01_3167942_3168931	++	1	1	SL2.50ch01	3168032	3168033	0	Spenn-ch01	3520515	3520517
SL2.50ch01_3167942_3168931	++	2	1	SL2.50ch01	3168160	3168161	0	Spenn-ch01	3520644	3520646
SL2.50ch01_3167942_3168931	++	3	1	SL2.50ch01	3168428	3168429	0	Spenn-ch01	3520913	3520915
SL2.50ch01_3167942_3168931	++	4	310	SL2.50ch01	3168718	3168719	0	Spenn-ch01	3521204	3521515
SL2.50ch01_3167942_3168931	++	5	1	SL2.50ch01	3168771	3168772	0	Spenn-ch01	3521567	3521569
SL2.50ch01_3242760_3242907	++	1	29	SL2.50ch01	3242862	3242863	0	Spenn-ch01	3601731	3601761
SL2.50ch01_3315824_3316672	++	1	1	SL2.50ch01	3315914	3315915	0	Spenn-ch01	3678255	3678257
SL2.50ch01_3315824_3316672	++	2	2	SL2.50ch01	3316030	3316031	0	Spenn-ch01	3678372	3678375
SL2.50ch01_3315824_3316672	++	3	1	SL2.50ch01	3316053	3316054	0	Spenn-ch01	3678397	3678399
SL2.50ch01_3315824_3316672	++	4	55	SL2.50ch01	3316398	3316399	0	Spenn-ch01	3678743	3678799
SL2.50ch01_3318361_3319815	++	1	1	SL2.50ch01	3318832	3318833	0	Spenn-ch01	3681243	3681245
SL2.50ch01_3318361_3319815	++	2	0	SL2.50ch01	3319060	3319199	138	Spenn-ch01	3681472	3681473
SL2.50ch01_3318361_3319815	++	3	36	SL2.50ch01	3319592	3319593	0	Spenn-ch01	3681866	3681903
SL2.50ch01_3318361_3319815	++	4	1	SL2.50ch01	3319742	3319743	0	Spenn-ch01	3682052	3682054
SL2.50ch01_3473889_3475527	++	1	0	SL2.50ch01	3474623	3474626	2	Spenn-ch01	3774762	3774763
SL2.50ch01_3473889_3475527	++	2	1	SL2.50ch01	3474635	3474636	0	Spenn-ch01	3774772	3774774
SL2.50ch01_3473889_3475527	++	3	2	SL2.50ch01	3474654	3474655	0	Spenn-ch01	3774792	3774795
SL2.50ch01_3473889_3475527	++	4	2	SL2.50ch01	3474687	3474688	0	Spenn-ch01	3774827	3774830
SL2.50ch01_3473889_3475527	++	5	1	SL2.50ch01	3474757	3474758	0	Spenn-ch01	3774899	3774901
SL2.50ch01_3473889_3475527	++	6	0	SL2.50ch01	3475289	3475484	194	Spenn-ch01	3775432	3775433
SL2.50ch01_3538400_3538840	++	1	0	SL2.50ch01	3538459	3538513	53	Spenn-ch01	3833920	3833921
SL2.50ch01_3538400_3538840	++	2	0	SL2.50ch01	3538523	3538526	2	Spenn-ch01	3833931	3833932
SL2.50ch01_3538400_3538840	++	3	0	SL2.50ch01	3538572	3538578	5	Spenn-ch01	3833978	3833979
SL2.50ch01_3538400_3538840	++	4	0	SL2.50ch01	3538721	3538723	1	Spenn-ch01	3834122	3834123
SL2.50ch01_3574159_3574792	++	1	0	SL2.50ch01	3574179	3574181	1	Spenn-ch01	3870031	3870032
SL2.50ch01_3574159_3574792	++	2	1	SL2.50ch01	3574239	3574240	0	Spenn-ch01	3870090	3870092
SL2.50ch01_3574159_3574792	++	3	1	SL2.50ch01	3574292	3574293	0	Spenn-ch01	3870144	3870146
SL2.50ch01_3574159_3574792	++	4	0	SL2.50ch01	3574613	3574683	69	Spenn-ch01	3870466	3870467
SL2.50ch01_3574159_3574792	++	5	0	SL2.50ch01	3574694	3574696	1	Spenn-ch01	3870478	3870479
SL2.50ch01_3586629_3587013	++	1	0	SL2.50ch01	3586773	3586805	31	Spenn-ch01	3884477	3884478
SL2.50ch01_3623894_3625441	++	1	0	SL2.50ch01	3623960	3623962	1	Spenn-ch01	3929062	3929063
SL2.50ch01_3623894_3625441	++	2	0	SL2.50ch01	3624193	3624932	738	Spenn-ch01	3929294	3929295
SL2.50ch01_3623894_3625441	++	3	0	SL2.50ch01	3625133	3625136	2	Spenn-ch01	3929496	3929497
SL2.50ch01_3690366_3692195	++	1	0	SL2.50ch01	3690814	3690816	1	Spenn-ch01	4027393	4027394
SL2.50ch01_3690366_3692195	++	2	1	SL2.50ch01	3691067	3691068	0	Spenn-ch01	4027645	4027647
SL2.50ch01_3690366_3692195	++	3	1	SL2.50ch01	3691085	3691086	0	Spenn-ch01	4027664	4027666
SL2.50ch01_3690366_3692195	++	4	1	SL2.50ch01	3691204	3691205	0	Spenn-ch01	4027784	4027786
SL2.50ch01_3690366_3692195	++	5	143	SL2.50ch01	3691554	3691555	0	Spenn-ch01	4028135	4028279
SL2.50ch01_3690366_3692195	++	6	1	SL2.50ch01	3691704	3691705	0	Spenn-ch01	4028428	4028430
SL2.50ch01_3690366_3692195	++	7	0	SL2.50ch01	3691841	3691847	5	Spenn-ch01	4028566	4028567
SL2.50ch01_3690366_3692195	++	8	0	SL2.50ch01	3691873	3691875	1	Spenn-ch01	4028593	4028594
SL2.50ch01_3690366_3692195	++	9	2	SL2.50ch01	3691896	3691897	0	Spenn-ch01	4028615	4028618
SL2.50ch01_3690366_3692195	++	10	0	SL2.50ch01	3692078	3692084	5	Spenn-ch01	4028799	4028800
SL2.50ch01_3690366_3692195	++	11	0	SL2.50ch01	3692115	3692118	2	Spenn-ch01	4028831	4028832
SL2.50ch01_3690366_3692195	++	12	1	SL2.50ch01	3692170	3692171	0	Spenn-ch01	4028884	4028886
SL2.50ch01_3710319_3711479	++	1	5	SL2.50ch01	3710420	3710421	0	Spenn-ch01	4053291	4053297
SL2.50ch01_3710319_3711479	++	2	0	SL2.50ch01	3710432	3711433	1000	Spenn-ch01	4053308	4053309
SL2.50ch01_3750906_3751412	++	1	0	SL2.50ch01	3750976	3750978	1	Spenn-ch01	4083377	4083378
SL2.50ch01_3750906_3751412	++	2	0	SL2.50ch01	3751131	3751198	66	Spenn-ch01	4083531	4083532
SL2.50ch01_4000711_4001558	++	1	2	SL2.50ch01	4001034	4001035	0	Spenn-ch01	4323388	4323391
SL2.50ch01_4000711_4001558	++	2	1	SL2.50ch01	4001337	4001338	0	Spenn-ch01	4323693	4323695
SL2.50ch01_4000711_4001558	++	3	0	SL2.50ch01	4001370	4001377	6	Spenn-ch01	4323727	4323728
SL2.50ch01_4000711_4001558	++	4	0	SL2.50ch01	4001445	4001482	36	Spenn-ch01	4323796	4323797
SL2.50ch01_4000711_4001558	++	5	0	SL2.50ch01	4001499	4001504	4	Spenn-ch01	4323814	4323815
SL2.50ch01_4124592_4124894	++	1	27	SL2.50ch01	4124727	4124728	0	Spenn-ch01	4520669	4520697
SL2.50ch01_4207401_4207632	++	1	0	SL2.50ch01	4207496	4207498	1	Spenn-ch01	4612801	4612802
SL2.50ch01_4207401_4207632	++	2	0	SL2.50ch01	4207515	4207553	37	Spenn-ch01	4612819	4612820
SL2.50ch01_4327781_4328015	++	1	17	SL2.50ch01	4327795	4327796	0	Spenn-ch01	4705413	4705431
SL2.50ch01_4370175_4371717	++	1	13	SL2.50ch01	4370212	4370213	0	Spenn-ch01	4737553	4737567
SL2.50ch01_4370175_4371717	++	2	7	SL2.50ch01	4370242	4370243	0	Spenn-ch01	4737596	4737604
SL2.50ch01_4370175_4371717	++	3	5	SL2.50ch01	4370262	4370263	0	Spenn-ch01	4737623	4737629
SL2.50ch01_4370175_4371717	++	4	0	SL2.50ch01	4370842	4370844	1	Spenn-ch01	4738208	4738209
SL2.50ch01_4370175_4371717	++	5	2	SL2.50ch01	4371016	4371017	0	Spenn-ch01	4738381	4738384
SL2.50ch01_4370175_4371717	++	6	1	SL2.50ch01	4371279	4371280	0	Spenn-ch01	4738646	4738648
SL2.50ch01_4370175_4371717	++	7	60	SL2.50ch01	4371292	4371293	0	Spenn-ch01	4738660	4738721
SL2.50ch01_4370175_4371717	++	8	0	SL2.50ch01	4371344	4371347	2	Spenn-ch01	4738772	4738773
SL2.50ch01_4370175_4371717	++	9	2	SL2.50ch01	4371594	4371595	0	Spenn-ch01	4739020	4739023
SL2.50ch01_4543968_4545170	++	1	10	SL2.50ch01	4544142	4544143	0	Spenn-ch01	4915185	4915196
SL2.50ch01_4543968_4545170	++	2	8	SL2.50ch01	4544196	4544197	0	Spenn-ch01	4915249	4915258
SL2.50ch01_4543968_4545170	++	3	2	SL2.50ch01	4544409	4544410	0	Spenn-ch01	4915470	4915473
SL2.50ch01_4543968_4545170	++	4	14	SL2.50ch01	4544573	4544574	0	Spenn-ch01	4915636	4915651
SL2.50ch01_4543968_4545170	++	5	0	SL2.50ch01	4544699	4544701	1	Spenn-ch01	4915776	4915777
SL2.50ch01_4543968_4545170	++	6	0	SL2.50ch01	4544715	4544717	1	Spenn-ch01	4915791	4915792
SL2.50ch01_4543968_4545170	++	7	0	SL2.50ch01	4544843	4544846	2	Spenn-ch01	4915918	4915919
SL2.50ch01_4543968_4545170	++	8	62	SL2.50ch01	4545114	4545115	0	Spenn-ch01	4916187	4916250
SL2.50ch01_4596732_4597717	++	1	2	SL2.50ch01	4596875	4596876	0	Spenn-ch01	4951401	4951404
SL2.50ch01_4596732_4597717	++	2	0	SL2.50ch01	4596897	4596947	49	Spenn-ch01	4951425	4951426
SL2.50ch01_4596732_4597717	++	3	0	SL2.50ch01	4596958	4597226	267	Spenn-ch01	4951437	4951438
SL2.50ch01_4596732_4597717	++	4	0	SL2.50ch01	4597344	4597346	1	Spenn-ch01	4951556	4951557
SL2.50ch01_4596732_4597717	++	5	1	SL2.50ch01	4597457	4597458	0	Spenn-ch01	4951668	4951670
SL2.50ch01_4613520_4614014	++	1	14	SL2.50ch01	4613570	4613571	0	Spenn-ch01	4965668	4965683
SL2.50ch01_4613520_4614014	++	2	0	SL2.50ch01	4613641	4613698	56	Spenn-ch01	4965753	4965754
SL2.50ch01_4683900_4684979	++	1	0	SL2.50ch01	4683924	4684095	170	Spenn-ch01	5032207	5032208
SL2.50ch01_4683900_4684979	++	2	1	SL2.50ch01	4684199	4684200	0	Spenn-ch01	5032312	5032314
SL2.50ch01_4683900_4684979	++	3	27	SL2.50ch01	4684257	4684258	0	Spenn-ch01	5032371	5032399
SL2.50ch01_4683900_4684979	++	4	1	SL2.50ch01	4684288	4684289	0	Spenn-ch01	5032429	5032431
SL2.50ch01_4683900_4684979	++	5	0	SL2.50ch01	4684448	4684450	1	Spenn-ch01	5032590	5032591
SL2.50ch01_4683900_4684979	++	6	0	SL2.50ch01	4684471	4684473	1	Spenn-ch01	5032612	5032613
SL2.50ch01_4683900_4684979	++	7	0	SL2.50ch01	4684794	4684796	1	Spenn-ch01	5032934	5032935
SL2.50ch01_5062431_5063091	++	1	29	SL2.50ch01	5062540	5062541	0	Spenn-ch01	5428549	5428579
SL2.50ch01_5062431_5063091	++	2	0	SL2.50ch01	5062673	5062675	1	Spenn-ch01	5428711	5428712
SL2.50ch01_5062431_5063091	++	3	37	SL2.50ch01	5062906	5062907	0	Spenn-ch01	5428943	5428981
SL2.50ch01_5080146_5080502	++	1	0	SL2.50ch01	5080319	5080321	1	Spenn-ch01	5441117	5441118
SL2.50ch01_5080146_5080502	++	2	0	SL2.50ch01	5080365	5080387	21	Spenn-ch01	5441162	5441163
SL2.50ch01_5080146_5080502	++	3	1	SL2.50ch01	5080413	5080414	0	Spenn-ch01	5441189	5441191
SL2.50ch01_5087634_5088050	++	1	36	SL2.50ch01	5087655	5087656	0	Spenn-ch01	5448349	5448386
SL2.50ch01_5088084_5088362	++	1	0	SL2.50ch01	5088209	5088213	3	Spenn-ch01	5448939	5448940
SL2.50ch01_5088084_5088362	++	2	36	SL2.50ch01	5088224	5088225	0	Spenn-ch01	5448951	5448988
SL2.50ch01_5173275_5173497	++	1	0	SL2.50ch01	5173292	5173307	14	Spenn-ch01	5510289	5510290
SL2.50ch01_5287904_5289012	++	1	107	SL2.50ch01	5288111	5288112	0	Spenn-ch01	5648036	5648144
SL2.50ch01_5287904_5289012	++	2	0	SL2.50ch01	5288249	5288933	683	Spenn-ch01	5648281	5648282
SL2.50ch01_5341554_5341820	++	1	64	SL2.50ch01	5341635	5341636	0	Spenn-ch01	5724177	5724242
SL2.50ch01_5346612_5346949	++	1	0	SL2.50ch01	5346798	5346832	33	Spenn-ch01	5729399	5729400
SL2.50ch01_5357835_5358259	++	1	40	SL2.50ch01	5358189	5358190	0	Spenn-ch01	5743859	5743900
SL2.50ch01_5358310_5358776	++	1	45	SL2.50ch01	5358546	5358547	0	Spenn-ch01	5744256	5744302
SL2.50ch01_5457931_5459372	++	1	0	SL2.50ch01	5457995	5458007	11	Spenn-ch01	5843548	5843549
SL2.50ch01_5457931_5459372	++	2	0	SL2.50ch01	5458058	5458060	1	Spenn-ch01	5843600	5843601
SL2.50ch01_5457931_5459372	++	3	0	SL2.50ch01	5458883	5459109	225	Spenn-ch01	5844424	5844425
SL2.50ch01_5457931_5459372	++	4	1	SL2.50ch01	5459282	5459283	0	Spenn-ch01	5844598	5844600
SL2.50ch01_5457931_5459372	++	5	8	SL2.50ch01	5459343	5459344	0	Spenn-ch01	5844660	5844669
SL2.50ch01_5504281_5504645	++	1	488	SL2.50ch01	5504613	5504614	0	Spenn-ch01	5904137	5904626
SL2.50ch01_5507206_5507455	++	1	0	SL2.50ch01	5507253	5507274	20	Spenn-ch01	5907264	5907265
SL2.50ch01_5507206_5507455	++	2	1	SL2.50ch01	5507381	5507382	0	Spenn-ch01	5907372	5907374
SL2.50ch01_5656280_5657397	++	1	46	SL2.50ch01	5656431	5656432	0	Spenn-ch01	6070142	6070189
SL2.50ch01_5656280_5657397	++	2	0	SL2.50ch01	5656473	5656475	1	Spenn-ch01	6070230	6070231
SL2.50ch01_5656280_5657397	++	3	0	SL2.50ch01	5656506	5656508	1	Spenn-ch01	6070262	6070263
SL2.50ch01_5656280_5657397	++	4	0	SL2.50ch01	5656973	5656975	1	Spenn-ch01	6070728	6070729
SL2.50ch01_5656280_5657397	++	5	17	SL2.50ch01	5656991	5656992	0	Spenn-ch01	6070745	6070763
SL2.50ch01_5656280_5657397	++	6	2	SL2.50ch01	5657179	5657180	0	Spenn-ch01	6070950	6070953
SL2.50ch01_5660696_5660831	++	1	13	SL2.50ch01	5660794	5660795	0	Spenn-ch01	6074589	6074603
SL2.50ch01_5677793_5679080	++	1	0	SL2.50ch01	5678003	5678005	1	Spenn-ch01	6096608	6096609
SL2.50ch01_5677793_5679080	++	2	185	SL2.50ch01	5678175	5678176	0	Spenn-ch01	6096779	6096965
SL2.50ch01_5677793_5679080	++	3	11	SL2.50ch01	5678299	5678300	0	Spenn-ch01	6097088	6097100
SL2.50ch01_5677793_5679080	++	4	1	SL2.50ch01	5678544	5678545	0	Spenn-ch01	6097344	6097346
SL2.50ch01_5677793_5679080	++	5	0	SL2.50ch01	5678702	5678704	1	Spenn-ch01	6097503	6097504
SL2.50ch01_5677793_5679080	++	6	0	SL2.50ch01	5678758	5678760	1	Spenn-ch01	6097558	6097559
SL2.50ch01_5677793_5679080	++	7	0	SL2.50ch01	5678806	5678808	1	Spenn-ch01	6097605	6097606
SL2.50ch01_5677793_5679080	++	8	1	SL2.50ch01	5678824	5678825	0	Spenn-ch01	6097622	6097624
SL2.50ch01_5677793_5679080	++	9	4	SL2.50ch01	5678854	5678855	0	Spenn-ch01	6097653	6097658
SL2.50ch01_5677793_5679080	++	10	0	SL2.50ch01	5678865	5678867	1	Spenn-ch01	6097668	6097669
SL2.50ch01_5677793_5679080	++	11	21	SL2.50ch01	5678928	5678929	0	Spenn-ch01	6097730	6097752
SL2.50ch01_5681201_5681367	++	1	0	SL2.50ch01	5681224	5681244	19	Spenn-ch01	6099962	6099963
SL2.50ch01_5778519_5779529	++	1	0	SL2.50ch01	5778564	5779028	463	Spenn-ch01	6218115	6218116
SL2.50ch01_5778519_5779529	++	2	0	SL2.50ch01	5779217	5779219	1	Spenn-ch01	6218305	6218306
SL2.50ch01_5778519_5779529	++	3	0	SL2.50ch01	5779383	5779385	1	Spenn-ch01	6218470	6218471
SL2.50ch01_5778519_5779529	++	4	1	SL2.50ch01	5779417	5779418	0	Spenn-ch01	6218503	6218505
SL2.50ch01_5778519_5779529	++	5	1	SL2.50ch01	5779427	5779428	0	Spenn-ch01	6218514	6218516
SL2.50ch01_5780259_5780569	++	1	0	SL2.50ch01	5780496	5780530	33	Spenn-ch01	6219581	6219582
SL2.50ch01_5834721_5835672	++	1	104	SL2.50ch01	5835034	5835035	0	Spenn-ch01	6289821	6289926
SL2.50ch01_5834721_5835672	++	2	1	SL2.50ch01	5835069	5835070	0	Spenn-ch01	6289960	6289962
SL2.50ch01_5834721_5835672	++	3	0	SL2.50ch01	5835310	5835319	8	Spenn-ch01	6290202	6290203
SL2.50ch01_5834721_5835672	++	4	0	SL2.50ch01	5835320	5835331	10	Spenn-ch01	6290204	6290205
SL2.50ch01_5834721_5835672	++	5	0	SL2.50ch01	5835500	5835502	1	Spenn-ch01	6290374	6290375
SL2.50ch01_6210861_6211486	++	1	0	SL2.50ch01	6210924	6210926	1	Spenn-ch01	6615168	6615169
SL2.50ch01_6210861_6211486	++	2	1	SL2.50ch01	6211100	6211101	0	Spenn-ch01	6615343	6615345
SL2.50ch01_6210861_6211486	++	3	0	SL2.50ch01	6211222	6211226	3	Spenn-ch01	6615466	6615467
SL2.50ch01_6210861_6211486	++	4	0	SL2.50ch01	6211314	6211368	53	Spenn-ch01	6615555	6615556
SL2.50ch01_6229806_6229965	++	1	0	SL2.50ch01	6229827	6229853	25	Spenn-ch01	6630602	6630603
SL2.50ch01_6231320_6232291	++	1	78	SL2.50ch01	6231464	6231465	0	Spenn-ch01	6632216	6632295
SL2.50ch01_6231320_6232291	++	2	8	SL2.50ch01	6231826	6231827	0	Spenn-ch01	6632656	6632665
SL2.50ch01_6231320_6232291	++	3	0	SL2.50ch01	6232039	6232066	26	Spenn-ch01	6632877	6632878
SL2.50ch01_6231320_6232291	++	4	0	SL2.50ch01	6232219	6232222	2	Spenn-ch01	6633031	6633032
SL2.50ch01_6233338_6234087	++	1	1	SL2.50ch01	6233559	6233560	0	Spenn-ch01	6634363	6634365
SL2.50ch01_6233338_6234087	++	2	0	SL2.50ch01	6233650	6233652	1	Spenn-ch01	6634455	6634456
SL2.50ch01_6233338_6234087	++	3	78	SL2.50ch01	6233683	6233684	0	Spenn-ch01	6634487	6634566
SL2.50ch01_6233338_6234087	++	4	0	SL2.50ch01	6233824	6233826	1	Spenn-ch01	6634706	6634707
SL2.50ch01_6233338_6234087	++	5	1	SL2.50ch01	6233874	6233875	0	Spenn-ch01	6634755	6634757
SL2.50ch01_6233338_6234087	++	6	0	SL2.50ch01	6234054	6234056	1	Spenn-ch01	6634936	6634937
SL2.50ch01_6318175_6318426	++	1	1	SL2.50ch01	6318260	6318261	0	Spenn-ch01	6719003	6719005
SL2.50ch01_6318175_6318426	++	2	0	SL2.50ch01	6318279	6318307	27	Spenn-ch01	6719023	6719024
SL2.50ch01_6320180_6320615	++	1	34	SL2.50ch01	6320364	6320365	0	Spenn-ch01	6721093	6721128
SL2.50ch01_6320180_6320615	++	2	1	SL2.50ch01	6320570	6320571	0	Spenn-ch01	6721333	6721335
SL2.50ch01_6445335_6447080	++	1	0	SL2.50ch01	6445420	6445422	1	Spenn-ch01	6845829	6845830
SL2.50ch01_6445335_6447080	++	2	0	SL2.50ch01	6445568	6446018	449	Spenn-ch01	6845976	6845977
SL2.50ch01_6445335_6447080	++	3	0	SL2.50ch01	6446055	6446088	32	Spenn-ch01	6846014	6846015
SL2.50ch01_6445335_6447080	++	4	0	SL2.50ch01	6446094	6446531	436	Spenn-ch01	6846021	6846022
SL2.50ch01_6445335_6447080	++	5	0	SL2.50ch01	6446683	6446685	1	Spenn-ch01	6846174	6846175
SL2.50ch01_6445335_6447080	++	6	2	SL2.50ch01	6446738	6446739	0	Spenn-ch01	6846228	6846231
SL2.50ch01_6445335_6447080	++	7	0	SL2.50ch01	6446771	6446773	1	Spenn-ch01	6846263	6846264
SL2.50ch01_6445335_6447080	++	8	13	SL2.50ch01	6447040	6447041	0	Spenn-ch01	6846531	6846545
SL2.50ch01_6456496_6457301	++	1	0	SL2.50ch01	6456519	6456524	4	Spenn-ch01	6855885	6855886
SL2.50ch01_6456496_6457301	++	2	105	SL2.50ch01	6456609	6456610	0	Spenn-ch01	6855971	6856077
SL2.50ch01_6456496_6457301	++	3	0	SL2.50ch01	6456675	6456678	2	Spenn-ch01	6856142	6856143
SL2.50ch01_6456496_6457301	++	4	1	SL2.50ch01	6456875	6456876	0	Spenn-ch01	6856340	6856342
SL2.50ch01_6456496_6457301	++	5	0	SL2.50ch01	6456884	6456886	1	Spenn-ch01	6856350	6856351
SL2.50ch01_6456496_6457301	++	6	0	SL2.50ch01	6456981	6456983	1	Spenn-ch01	6856446	6856447
SL2.50ch01_6456496_6457301	++	7	2	SL2.50ch01	6457187	6457188	0	Spenn-ch01	6856651	6856654
SL2.50ch01_6459666_6459861	++	1	42	SL2.50ch01	6459832	6459833	0	Spenn-ch01	6859300	6859343
SL2.50ch01_6849424_6850444	++	1	0	SL2.50ch01	6849641	6849643	1	Spenn-ch01	7261121	7261122
SL2.50ch01_6849424_6850444	++	2	3	SL2.50ch01	6849749	6849750	0	Spenn-ch01	7261228	7261232
SL2.50ch01_6849424_6850444	++	3	0	SL2.50ch01	6849880	6849942	61	Spenn-ch01	7261362	7261363
SL2.50ch01_6849424_6850444	++	4	0	SL2.50ch01	6850222	6850224	1	Spenn-ch01	7261643	7261644
SL2.50ch01_6855395_6856369	++	1	0	SL2.50ch01	6855707	6855709	1	Spenn-ch01	7266079	7266080
SL2.50ch01_6855395_6856369	++	2	1	SL2.50ch01	6855803	6855804	0	Spenn-ch01	7266174	7266176
SL2.50ch01_6855395_6856369	++	3	0	SL2.50ch01	6855965	6856017	51	Spenn-ch01	7266337	7266338
SL2.50ch01_7122616_7123338	++	1	0	SL2.50ch01	7123003	7123006	2	Spenn-ch01	7361812	7361813
SL2.50ch01_7122616_7123338	++	2	0	SL2.50ch01	7123054	7123163	108	Spenn-ch01	7361861	7361862
SL2.50ch01_8131951_8132152	++	1	0	SL2.50ch01	8131986	8132030	43	Spenn-ch01	8248259	8248260
SL2.50ch01_8684905_8685304	++	1	24	SL2.50ch01	8685057	8685058	0	Spenn-ch01	9338091	9338116
SL2.50ch01_8684905_8685304	++	2	1	SL2.50ch01	8685176	8685177	0	Spenn-ch01	9338234	9338236
SL2.50ch01_8690729_8691312	++	1	8	SL2.50ch01	8690763	8690764	0	Spenn-ch01	9343098	9343107
SL2.50ch01_8690729_8691312	++	2	1	SL2.50ch01	8690846	8690847	0	Spenn-ch01	9343189	9343191
SL2.50ch01_8690729_8691312	++	3	24	SL2.50ch01	8690964	8690965	0	Spenn-ch01	9343308	9343333
SL2.50ch01_8690729_8691312	++	4	0	SL2.50ch01	8691055	8691057	1	Spenn-ch01	9343423	9343424
SL2.50ch01_8690729_8691312	++	5	1	SL2.50ch01	8691073	8691074	0	Spenn-ch01	9343440	9343442
SL2.50ch01_8707644_8708085	++	1	0	SL2.50ch01	8707671	8707673	1	Spenn-ch01	9359989	9359990
SL2.50ch01_8707644_8708085	++	2	0	SL2.50ch01	8707853	8707924	70	Spenn-ch01	9360170	9360171
SL2.50ch01_8707644_8708085	++	3	0	SL2.50ch01	8708019	8708028	8	Spenn-ch01	9360266	9360267
SL2.50ch01_8707644_8708085	++	4	0	SL2.50ch01	8708056	8708058	1	Spenn-ch01	9360295	9360296
SL2.50ch02_2814000_2814135	+-	1	22	SL2.50ch02	2814093	2814094	0	Spenn-ch02	953771	953748
SL2.50ch02_7140382_7142317	++	1	0	SL2.50ch02	7140465	7140512	46	Spenn-ch02	1312741	1312742
SL2.50ch02_7140382_7142317	++	2	2	SL2.50ch02	7140827	7140828	0	Spenn-ch02	1313057	1313060
SL2.50ch02_7140382_7142317	++	3	0	SL2.50ch02	7140915	7142078	1162	Spenn-ch02	1313147	1313148
SL2.50ch02_7262438_7264087	++	1	0	SL2.50ch02	7262600	7262605	4	Spenn-ch02	1420787	1420788
SL2.50ch02_7262438_7264087	++	2	1	SL2.50ch02	7262642	7262643	0	Spenn-ch02	1420825	1420827
SL2.50ch02_7262438_7264087	++	3	0	SL2.50ch02	7262726	7262731	4	Spenn-ch02	1420910	1420911
SL2.50ch02_7262438_7264087	++	4	0	SL2.50ch02	7262738	7263952	1213	Spenn-ch02	1420918	1420919
SL2.50ch02_7262438_7264087	++	5	0	SL2.50ch02	7264007	7264025	17	Spenn-ch02	1420974	1420975
SL2.50ch02_7381777_7382178	++	1	3	SL2.50ch02	7381840	7381841	0	Spenn-ch02	543298	543302
SL2.50ch02_7381777_7382178	++	2	53	SL2.50ch02	7381915	7381916	0	Spenn-ch02	543376	543430
SL2.50ch02_7635242_7636187	+-	1	1	SL2.50ch02	7635350	7635351	0	Spenn-ch02	864794	864792
SL2.50ch02_7635242_7636187	+-	2	2	SL2.50ch02	7635703	7635704	0	Spenn-ch02	864440	864437
SL2.50ch02_7635242_7636187	+-	3	4	SL2.50ch02	7635756	7635757	0	Spenn-ch02	864385	864380
SL2.50ch02_7635242_7636187	+-	4	108	SL2.50ch02	7635852	7635853	0	Spenn-ch02	864285	864176
SL2.50ch02_7860394_7861261	+-	1	0	SL2.50ch02	7860445	7860447	1	Spenn-ch02	590416	590415
SL2.50ch02_7860394_7861261	+-	2	1	SL2.50ch02	7860614	7860615	0	Spenn-ch02	590248	590246
SL2.50ch02_7860394_7861261	+-	3	1	SL2.50ch02	7860626	7860627	0	Spenn-ch02	590235	590233
SL2.50ch02_7860394_7861261	+-	4	0	SL2.50ch02	7860656	7860703	46	Spenn-ch02	590204	590203
SL2.50ch02_7871466_7872025	+-	1	0	SL2.50ch02	7871548	7871554	5	Spenn-ch02	575871	575870
SL2.50ch02_7871466_7872025	+-	2	40	SL2.50ch02	7871582	7871583	0	Spenn-ch02	575842	575801
SL2.50ch02_8022904_8023640	++	1	0	SL2.50ch02	8023120	8023141	20	Spenn-ch02	1832198	1832199
SL2.50ch02_8022904_8023640	++	2	60	SL2.50ch02	8023425	8023426	0	Spenn-ch02	1832483	1832544
SL2.50ch02_8022904_8023640	++	3	130	SL2.50ch02	8023436	8023437	0	Spenn-ch02	1832554	1832685
SL2.50ch02_8022904_8023640	++	4	93	SL2.50ch02	8023446	8023447	0	Spenn-ch02	1832694	1832788
SL2.50ch02_8022904_8023640	++	5	1	SL2.50ch02	8023511	8023512	0	Spenn-ch02	1832852	1832854
SL2.50ch02_8065280_8066072	++	1	1	SL2.50ch02	8065410	8065411	0	Spenn-ch02	1873559	1873561
SL2.50ch02_8065280_8066072	++	2	538	SL2.50ch02	8065885	8065886	0	Spenn-ch02	1874035	1874574
SL2.50ch02_9018771_9020291	++	1	0	SL2.50ch02	9019392	9019395	2	Spenn-ch02	3803976	3803977
SL2.50ch02_9018771_9020291	++	2	0	SL2.50ch02	9019515	9019854	338	Spenn-ch02	3804097	3804098
SL2.50ch02_9018771_9020291	++	3	1	SL2.50ch02	9020129	9020130	0	Spenn-ch02	3804373	3804375
SL2.50ch02_9070959_9072296	++	1	0	SL2.50ch02	9071182	9072051	868	Spenn-ch02	3857925	3857926
SL2.50ch02_9070959_9072296	++	2	2	SL2.50ch02	9072181	9072182	0	Spenn-ch02	3858056	3858059
SL2.50ch02_9070959_9072296	++	3	0	SL2.50ch02	9072205	9072209	3	Spenn-ch02	3858082	3858083
SL2.50ch02_9090409_9091316	++	1	19	SL2.50ch02	9090653	9090654	0	Spenn-ch02	3884351	3884371
SL2.50ch02_9090409_9091316	++	2	0	SL2.50ch02	9090695	9090823	127	Spenn-ch02	3884412	3884413
SL2.50ch02_9223654_9225240	++	1	2	SL2.50ch02	9223784	9223785	0	Spenn-ch02	4035921	4035924
SL2.50ch02_9223654_9225240	++	2	0	SL2.50ch02	9224095	9224217	121	Spenn-ch02	4036234	4036235
SL2.50ch02_9223654_9225240	++	3	1	SL2.50ch02	9224361	9224362	0	Spenn-ch02	4036379	4036381
SL2.50ch02_9223654_9225240	++	4	0	SL2.50ch02	9225037	9225039	1	Spenn-ch02	4037056	4037057
SL2.50ch02_9229684_9229868	++	1	0	SL2.50ch02	9229785	9229813	27	Spenn-ch02	4041819	4041820
SL2.50ch02_9233651_9233996	++	1	28	SL2.50ch02	9233722	9233723	0	Spenn-ch02	4042341	4042370
SL2.50ch02_9233651_9233996	++	2	0	SL2.50ch02	9233765	9233767	1	Spenn-ch02	4042412	4042413
SL2.50ch02_13400811_13401143	+-	1	0	SL2.50ch02	13400881	13400909	27	Spenn-ch02	11586801	11586800
SL2.50ch02_13400811_13401143	+-	2	0	SL2.50ch02	13400983	13400990	6	Spenn-ch02	11586726	11586725
SL2.50ch02_13400811_13401143	+-	3	5	SL2.50ch02	13401111	13401112	0	Spenn-ch02	11586604	11586598
